last_name,first_name,gender,username,id
Reyes,David M,Male,david.m.reyes,1
Chandler,William B Iii,Male,william.b.iii.chandler,2
Davidson,Jason E,Male,jason.e.davidson,3
Fiorelli,Michael G,Male,michael.g.fiorelli,4
Roberts,Michael L,Male,michael.l.roberts,5
Romeu,Mandy J,Male,mandy.j.romeu,6
Slack,Francis N,Female,francis.n.slack,7
Sawyersii,Tim I,Male,tim.i.sawyersii,8
Carter,Keith M,Male,keith.m.carter,9
Hall,Anthony A,Male,anthony.a.hall,10
Reyes,David,Male,david.reyes,11
Biggs,Brian K,Male,brian.k.biggs,12
Lee,Stacey A,Female,stacey.a.lee,13
Louden,Bret R,Male,bret.r.louden,14
Millsap,David L,Male,david.l.millsap,15
Lightell,Billy R,Male,billy.r.lightell,16
Pagan,Jorge C,Male,jorge.c.pagan,17
Dudley,Kaysie B,Female,kaysie.b.dudley,18
Dorbad,Leo J,Male,leo.j.dorbad,19
Bolden,Amy M,Female,amy.m.bolden,20
Robinson,Michael D,Male,michael.d.robinson,21
Lavender,Dustin D,Male,dustin.d.lavender,22
Decambra,Francis X,Male,francis.x.decambra,23
Slater,Betty N,Female,betty.n.slater,24
Clark,John A,Male,john.a.clark,25
Sweetland,Dustin D,Male,dustin.d.sweetland,26
Hegstrom,Dennis A,Male,dennis.a.hegstrom,27
Morgan,James T,Male,james.t.morgan,28
Hill,Jonathan R,Male,jonathan.r.hill,29
Melton,Joshua L,Male,joshua.l.melton,30
Grover,Scott B,Male,scott.b.grover,31
Koch,Victor A Jr,Male,victor.a.jr.koch,32
Loarca,Edwin,Male,edwin.loarca,33
Thornton,Stacy L,Female,stacy.l.thornton,34
Johnson,Kyle A,Male,kyle.a.johnson,35
Wright,James B,Male,james.b.wright,36
Ayers,James R,Male,james.r.ayers,37
Tucker,Daryl G,Male,daryl.g.tucker,38
Rowland,Raymond L,Male,raymond.l.rowland,39
Jones,Jeremy W,Male,jeremy.w.jones,40
Hendershot,Sean G,Male,sean.g.hendershot,41
Fritts,Lonnie L,Male,lonnie.l.fritts,42
Mendler,Christy J,Female,christy.j.mendler,43
Feliu,Michael,Male,michael.feliu,44
Grossman,Martin,Male,martin.grossman,45
Fisher,Luke R,Male,luke.r.fisher,46
Fowler,Billy D Jr,Male,billy.d.jr.fowler,47
Kelley,James,Male,james.kelley,48
Williams,Gary L,Male,gary.l.williams,49
Albritton,Mark A,Male,mark.a.albritton,50
Hutchens,Ivan R,Male,ivan.r.hutchens,51
Elmore,Eugene  Jr,Male,eugene.jr.elmore,52
Johnson,April C,Female,april.c.johnson,53
Reynolds,Rhea L,Female,rhea.l.reynolds,54
Brown,Brian W,Male,brian.w.brown,55
Lleo,Carlos,Male,carlos.lleo,56
Miller,Catherine D,Female,catherine.d.miller,57
Liscomb,Michael A,Male,michael.a.liscomb,58
Garrett,Savoy,Male,savoy.garrett,59
Gilmer,James D,Male,james.d.gilmer,60
Ortega-Rivera,Alexander,Male,alexander.ortega-rivera,61
Hardwick,Richard D Ii,Male,richard.d.ii.hardwick,62
Higgins,Peter D,Male,peter.d.higgins,63
Drawdy,Jeffery W,Male,jeffery.w.drawdy,64
Gibson,Dustin M,Male,dustin.m.gibson,65
Sa,Roberto,Male,roberto.sa,66
Evans,Robert J,Male,robert.j.evans,67
Estey,Shawn C,Male,shawn.c.estey,68
Allmon,Jessy J,Male,jessy.j.allmon,69
Tierney,Lisa K,Female,lisa.k.tierney,70
Belt,Darwin K,Male,darwin.k.belt,71
Carlson,Robert D,Male,robert.d.carlson,72
Dempsey,Jimmy D,Male,jimmy.d.dempsey,73
Kidwell,Dustin A,Male,dustin.a.kidwell,74
Hill,Tara A,Female,tara.a.hill,75
Jordan,Westley P,Male,westley.p.jordan,76
Hall,Adam J,Male,adam.j.hall,77
Paradis,Michael,Male,michael.paradis,78
Rowe,Dickie L,Male,dickie.l.rowe,79
Deboy,Anthony L,Male,anthony.l.deboy,80
Dornan,Donnie,Male,donnie.dornan,81
Gosselin,Mathieu,Male,mathieu.gosselin,82
Amabile,Richard,Male,richard.amabile,83
Gomez,Yuddiet,Male,yuddiet.gomez,84
Costello,Robert,Male,robert.costello,85
Robinson,Clarence R,Male,clarence.r.robinson,86
Cartwright,Gordon T,Male,gordon.t.cartwright,87
Oberdorf,Chad E,Male,chad.e.oberdorf,88
Cina,James R Jr,Male,james.r.jr.cina,89
Moriarty,Patrick M,Male,patrick.m.moriarty,90
Pillsbury,Garland,Male,garland.pillsbury,91
Hernandez,Dallis,Male,dallis.hernandez,92
Garcia,Harol J,Male,harol.j.garcia,93
Pritchard,Dale E,Male,dale.e.pritchard,94
Douglas,Kenneth L,Male,kenneth.l.douglas,95
Frisina,Joseph,Male,joseph.frisina,96
Taylor,Lawton H,Male,lawton.h.taylor,97
Clairmont,Steven  Jr,Male,steven.jr.clairmont,98
Bass,Brandon M,Male,brandon.m.bass,99
Richardson,Chester D,Male,chester.d.richardson,100
Perez,Silvia,Female,silvia.perez,101
Strawbridge,Kenneth M,Male,kenneth.m.strawbridge,102
Arboleda-Tabares,Edward O,Male,edward.o.arboleda-tabares,103
Fonseca,Mario,Male,mario.fonseca,104
Coyle,Michael S,Male,michael.s.coyle,105
Dingler,Ricky,Male,ricky.dingler,106
Romine,Brian S,Male,brian.s.romine,107
Cooper,William A Jr,Male,william.a.jr.cooper,108
Gutierrez,Angelo,Male,angelo.gutierrez,109
Wood,Peggy S,Female,peggy.s.wood,110
Doval,Richard A,Male,richard.a.doval,111
Rivas-Silva,Rafael,Male,rafael.rivas-silva,112
Moylan,Michael E,Male,michael.e.moylan,113
Mesa,Manuel,Male,manuel.mesa,114
Glass,Randy E,Male,randy.e.glass,115
Flores,Valentin J,Male,valentin.j.flores,116
Morphis,Christopher K,Male,christopher.k.morphis,117
James,Arlene A,Female,arlene.a.james,118
King,Shelby C,Male,shelby.c.king,119
Carleton,Heather L,Female,heather.l.carleton,120
Bobbitt,Roger M,Male,roger.m.bobbitt,121
Chaidez,Vincente  Jr,Male,vincente.jr.chaidez,122
Clark,Brett A,Male,brett.a.clark,123
Lackey,Harvey S,Male,harvey.s.lackey,124
Bowen,Robert B,Male,robert.b.bowen,125
Plasencia,Danny,Male,danny.plasencia,126
Gomez-Rodriguez,Francisco,Male,francisco.gomez-rodriguez,127
Arroyo,Ronald,Male,ronald.arroyo,128
Crespo,Jorge  Jr,Male,jorge.jr.crespo,129
Barbour,Robert A,Male,robert.a.barbour,130
Chatham,Thomas L,Male,thomas.l.chatham,131
Harrington,Richard D,Male,richard.d.harrington,132
Robinson,Thomas K,Male,thomas.k.robinson,133
Blackmer,Jacob A,Male,jacob.a.blackmer,134
Green,Jason C,Male,jason.c.green,135
Brooks,Erika M,Female,erika.m.brooks,136
Lovier,Michael J,Male,michael.j.lovier,137
Hill,Steve R,Male,steve.r.hill,138
Cook,David R,Male,david.r.cook,139
Clute,Joshua M,Male,joshua.m.clute,140
Howell,Lowell D Iii,Male,lowell.d.iii.howell,141
Ramirez,Bradley R,Male,bradley.r.ramirez,142
Pingel,Gerald D,Male,gerald.d.pingel,143
Dunaway,James R,Male,james.r.dunaway,144
Landis,James H,Male,james.h.landis,145
Townsel,Britainy,Female,britainy.townsel,146
Allen,Richard L,Male,richard.l.allen,147
Dutton,Frederick C Jr,Male,frederick.c.jr.dutton,148
Melendez,Arnoldo,Male,arnoldo.melendez,149
Barbour,James W,Male,james.w.barbour,150
Teague,Jason M,Male,jason.m.teague,151
Ramireztorres,Karen A,Female,karen.a.ramireztorres,152
Pate,Christopher J,Male,christopher.j.pate,153
Montoya,Julio C,Male,julio.c.montoya,154
Holland,Steven D,Male,steven.d.holland,155
King,Brandon S,Male,brandon.s.king,156
Davis,Curtis J,Male,curtis.j.davis,157
Rios,Jesus M,Male,jesus.m.rios,158
Dias,Barbara M,Female,barbara.m.dias,159
Matamoros,Juan C,Male,juan.c.matamoros,160
Willis,Larry,Male,larry.willis,161
Julian,James H,Male,james.h.julian,162
Haag,Brian D,Male,brian.d.haag,163
Heady,George G,Male,george.g.heady,164
Green,Jerry W,Male,jerry.w.green,165
Masso,Rafael,Male,rafael.masso,166
Cato,Charla N,Female,charla.n.cato,167
Raley,Jimmy T,Male,jimmy.t.raley,168
Reyes-Rivas,Luis,Male,luis.reyes-rivas,169
Rule,Ricky E,Male,ricky.e.rule,170
Holmes,Matthew E,Male,matthew.e.holmes,171
Fletcher,Thomas H,Male,thomas.h.fletcher,172
Kaufman,Jesse J,Male,jesse.j.kaufman,173
Pacchiana,John,Male,john.pacchiana,174
Morrison,Eric,Male,eric.morrison,175
Prado,Dustin M,Male,dustin.m.prado,176
Treadway,Billy R,Male,billy.r.treadway,177
Montgomery,Drew J,Male,drew.j.montgomery,178
Fenot,Steven E,Male,steven.e.fenot,179
Barrios,Jeremias,Male,jeremias.barrios,180
Davis,Billy G,Male,billy.g.davis,181
Lisowski,Paul A,Male,paul.a.lisowski,182
Mendel,Charles,Male,charles.mendel,183
Licon,Sara,Female,sara.licon,184
Catone,Ronald,Male,ronald.catone,185
Salazar,Benigno A,Male,benigno.a.salazar,186
Lyons,Kip A,Male,kip.a.lyons,187
Hamilton,Lonnie D,Male,lonnie.d.hamilton,188
Berrios,Kermit J,Male,kermit.j.berrios,189
Jackson,Christopher D,Male,christopher.d.jackson,190
Reynolds,Devin K,Male,devin.k.reynolds,191
Foster,Jason K,Male,jason.k.foster,192
Brim,Donald R,Male,donald.r.brim,193
Garcia,Roberto,Male,roberto.garcia,194
Thompson,Brandi J,Female,brandi.j.thompson,195
Kingston,George W,Male,george.w.kingston,196
Lemelin,Matthew D,Male,matthew.d.lemelin,197
Bundy,Kristopher J,Male,kristopher.j.bundy,198
Rhorer,James E,Male,james.e.rhorer,199
Genovese,Benjamin J,Male,benjamin.j.genovese,200
Robertson,Robbie M,Male,robbie.m.robertson,201
Gutierrez,Alex,Male,alex.gutierrez,202
Sanders,Bradley A,Male,bradley.a.sanders,203
Mcneal,Stewart C,Male,stewart.c.mcneal,204
Votaw,Rebekah Y,Female,rebekah.y.votaw,205
Rodgers,Teresa,Female,teresa.rodgers,206
Roy,Richard J,Male,richard.j.roy,207
Pearson,Jerry L,Male,jerry.l.pearson,208
Davis,Johnny D,Male,johnny.d.davis,209
Hill,Cody L,Male,cody.l.hill,210
Ellis,Linda,Female,linda.ellis,211
Gentry,Christopher B,Male,christopher.b.gentry,212
Odle,Rhonda R,Female,rhonda.r.odle,213
Kiernan,Kevin,Male,kevin.kiernan,214
Salgado,Leonardo J,Male,leonardo.j.salgado,215
Gonzalez,Mike,Male,mike.gonzalez,216
Betts,Brandon,Male,brandon.betts,217
Baker,John,Male,john.baker,218
James,Deanna R,Female,deanna.r.james,219
Burns,Jason,Male,jason.burns,220
Parrish,Thomas,Male,thomas.parrish,221
Canada,Ronnie L,Male,ronnie.l.canada,222
Darling,David H,Male,david.h.darling,223
Mabbitt,Ward E Jr,Male,ward.e.jr.mabbitt,224
Grant,Christopher S,Male,christopher.s.grant,225
Brown,Kenneth W,Male,kenneth.w.brown,226
Buchs,Felix,Male,felix.buchs,227
Meade,Daniel,Male,daniel.meade,228
Guhr,Timothy J,Male,timothy.j.guhr,229
Flood,Richard R,Male,richard.r.flood,230
Asbridge,Rickie L,Male,rickie.l.asbridge,231
Mcclanahan,Daniel R,Male,daniel.r.mcclanahan,232
Deaton,Brian K,Male,brian.k.deaton,233
Rosen,Ronald J,Male,ronald.j.rosen,234
Bouchard,Matthew M,Male,matthew.m.bouchard,235
Darter,James K,Male,james.k.darter,236
Kuykendall,Shane J,Male,shane.j.kuykendall,237
Jones,David,Male,david.jones,238
Glickman,Benjamin D,Male,benjamin.d.glickman,239
Hanson,Daniel G,Male,daniel.g.hanson,240
Hand,Michael J,Male,michael.j.hand,241
Norris,William K,Male,william.k.norris,242
Cox,Dallas J,Male,dallas.j.cox,243
Ross,Randy D,Male,randy.d.ross,244
Copeland,Jay A,Male,jay.a.copeland,245
Campbell,Harold J,Male,harold.j.campbell,246
Baker,Amanda P,Female,amanda.p.baker,247
Burgos-Enrique,Steven A,Male,steven.a.burgos-enrique,248
Mcintyre,John A,Male,john.a.mcintyre,249
Goodin,Charles L,Male,charles.l.goodin,250
Noble,Leonard,Male,leonard.noble,251
Meredith,Jason G,Male,jason.g.meredith,252
Lambert,Carl D,Male,carl.d.lambert,253
Gardner,Jerry W Iii,Male,jerry.w.iii.gardner,254
Garvin,Jon P,Male,jon.p.garvin,255
Counts,Timothy D,Male,timothy.d.counts,256
Dietzel,Shane A,Male,shane.a.dietzel,257
Meyer,Jeffrey M,Male,jeffrey.m.meyer,258
Osborne,Benny W,Male,benny.w.osborne,259
Anderson,Treva L,Female,treva.l.anderson,260
Mosley,Daniel R,Male,daniel.r.mosley,261
Martin,Howard N,Male,howard.n.martin,262
Rueda,Orlando,Male,orlando.rueda,263
Pardo,Robert W,Male,robert.w.pardo,264
Barnett,Amber R,Female,amber.r.barnett,265
Mclean,Ronald L,Male,ronald.l.mclean,266
Button,Winfield S,Male,winfield.s.button,267
Cromer,Shannon,Female,shannon.cromer,268
Kittrell,Grady M,Male,grady.m.kittrell,269
Mendoza,Antonio,Male,antonio.mendoza,270
Martinez,Fernando,Male,fernando.martinez,271
Boyette,Earl L,Male,earl.l.boyette,272
Swartz,Richard B,Male,richard.b.swartz,273
Rowland,John,Male,john.rowland,274
Morelli,John W,Male,john.w.morelli,275
Mendez,Jorge L,Male,jorge.l.mendez,276
Richardson,Andrew,Male,andrew.richardson,277
Jackson,Ronald A,Male,ronald.a.jackson,278
Mackey,Billy F,Male,billy.f.mackey,279
Lansdell,David R,Male,david.r.lansdell,280
Metz,Dennis W Ii,Male,dennis.w.ii.metz,281
Porter,Donald W Iii,Male,donald.w.iii.porter,282
Livingston,Rebecca K,Female,rebecca.k.livingston,283
Acosta,Manuel E,Male,manuel.e.acosta,284
Morales-Navarro,Jose,Male,jose.morales-navarro,285
Guilfucci,Ismael A,Male,ismael.a.guilfucci,286
Faulkner,Charles M,Male,charles.m.faulkner,287
Cikauskas,Donald C,Male,donald.c.cikauskas,288
Burns,Christopher M,Male,christopher.m.burns,289
Deese,Brian M,Male,brian.m.deese,290
Corey,Marion L,Male,marion.l.corey,291
Dorman,John P,Male,john.p.dorman,292
Sanchez,Daniel,Male,daniel.sanchez,293
Mabry,William D,Male,william.d.mabry,294
Durbin,Joseph,Male,joseph.durbin,295
Klinger,Randy E Jr,Male,randy.e.jr.klinger,296
Baez,Siomarily,Female,siomarily.baez,297
Jones,James G,Male,james.g.jones,298
Attardo,Joseph V,Male,joseph.v.attardo,299
Kaytor,Ryan A,Male,ryan.a.kaytor,300
Matlock,Joseph R,Male,joseph.r.matlock,301
Driggers,Wayne E,Male,wayne.e.driggers,302
Maynard,Jack,Male,jack.maynard,303
Castro,Joan E,Female,joan.e.castro,304
Cordell,Robert C,Male,robert.c.cordell,305
Smith,Christopher S,Male,christopher.s.smith,306
Rodriguez,Luis,Male,luis.rodriguez,307
Rodriguez,David,Male,david.rodriguez,308
Lapidus,Stephen A,Male,stephen.a.lapidus,309
Kent,Gary H,Male,gary.h.kent,310
Fraser,David M,Male,david.m.fraser,311
Aldridge,Larry E,Male,larry.e.aldridge,312
Mcclenithan,James B,Male,james.b.mcclenithan,313
Lowery,Wilbert  Jr,Male,wilbert.jr.lowery,314
Eads,Joseph W,Male,joseph.w.eads,315
Kilpatrick,Michael,Male,michael.kilpatrick,316
Hammonds,Charles W,Male,charles.w.hammonds,317
Jeffery,Todd X,Male,todd.x.jeffery,318
Andrews,Harry W,Male,harry.w.andrews,319
Yielding,Cecil B,Male,cecil.b.yielding,320
Mcdermott,Charles,Male,charles.mcdermott,321
Burns,Donald E,Male,donald.e.burns,322
Insprucker,Joshua,Male,joshua.insprucker,323
Anderson,Timothy A,Male,timothy.a.anderson,324
Hernandez,Sergio,Male,sergio.hernandez,325
Molier,Daniel J,Male,daniel.j.molier,326
Kennedy,William,Male,william.kennedy,327
Emery,David W,Male,david.w.emery,328
Pell,Sadie,Female,sadie.pell,329
Sanders,Samuel,Male,samuel.sanders,330
Jordan,Richard L,Male,richard.l.jordan,331
Cruz-Morales,Alexandro,Male,alexandro.cruz-morales,332
Looney,Terrence L,Male,terrence.l.looney,333
Harrison,Robert L,Male,robert.l.harrison,334
Brace,Stephen J,Male,stephen.j.brace,335
Mitchell,Elise J,Female,elise.j.mitchell,336
Copeland,Joe M,Male,joe.m.copeland,337
Huffstickler,David,Male,david.huffstickler,338
Frazier,William J,Male,william.j.frazier,339
Moody,Timothy N,Male,timothy.n.moody,340
Douglas,David N,Male,david.n.douglas,341
Hannahs,Gabe T,Male,gabe.t.hannahs,342
Rose,Joshua M,Male,joshua.m.rose,343
Jones,Christopher R,Male,christopher.r.jones,344
Cruz,Jose A Jr,Male,jose.a.jr.cruz,345
Douglas,Caleb,Male,caleb.douglas,346
Rotelli,Omer J,Male,omer.j.rotelli,347
Wagner,James T,Male,james.t.wagner,348
Brown,David M,Male,david.m.brown,349
Smith,Mark,Male,mark.smith,350
Barfield,Jeremy T,Male,jeremy.t.barfield,351
Lopez,David,Male,david.lopez,352
Rodriguez,Christopher,Male,christopher.rodriguez,353
Hobbs,Tiffany,Female,tiffany.hobbs,354
Pritchard,Justin W,Male,justin.w.pritchard,355
Chamblis,Garrett A,Male,garrett.a.chamblis,356
Lafrance,Mark J,Male,mark.j.lafrance,357
Obrien,Richard W,Male,richard.w.obrien,358
Hamrick,James B,Male,james.b.hamrick,359
Ricker,Russell R,Male,russell.r.ricker,360
Bell,Hubert J,Male,hubert.j.bell,361
Cervone,Philip J,Male,philip.j.cervone,362
Redmond,William T,Male,william.t.redmond,363
Himes,Michael,Male,michael.himes,364
Feaster,David E,Male,david.e.feaster,365
Burkhart,Christopher S,Male,christopher.s.burkhart,366
Crook,Terry D,Male,terry.d.crook,367
Jones,Raymond E,Male,raymond.e.jones,368
Bianco,Giovan B,Male,giovan.b.bianco,369
Melson,Amber M,Female,amber.m.melson,370
Bodiford,Steven B,Male,steven.b.bodiford,371
Orozco-Portillo,Jose H,Male,jose.h.orozco-portillo,372
Mcdaniel,Timothy E,Male,timothy.e.mcdaniel,373
Carver,Joseph B,Male,joseph.b.carver,374
Macfarlane,Shawn H,Male,shawn.h.macfarlane,375
Laclair,Robert,Male,robert.laclair,376
Kazakoff,William D,Male,william.d.kazakoff,377
Dovich,Vance M,Male,vance.m.dovich,378
Rowe,Francis J Jr,Male,francis.j.jr.rowe,379
Roofe,Thomas S,Male,thomas.s.roofe,380
Stonejr,Gary W,Male,gary.w.stonejr,381
Tubbs,Stephen L,Male,stephen.l.tubbs,382
Andress,Christopher,Male,christopher.andress,383
Floyd,Christopher E,Male,christopher.e.floyd,384
Campos,Lazaro,Male,lazaro.campos,385
Hardin,Joshua,Male,joshua.hardin,386
Coco,Rocco,Male,rocco.coco,387
Alvarez,Andy J,Male,andy.j.alvarez,388
Gardiner,Gregory,Male,gregory.gardiner,389
Odell,Drew,Male,drew.odell,390
Engel,Joshua J,Male,joshua.j.engel,391
Ingraham,John E,Male,john.e.ingraham,392
Carroll,John W,Male,john.w.carroll,393
Hancock,Jeremy I,Male,jeremy.i.hancock,394
Jackson,Harvey L,Male,harvey.l.jackson,395
Beaudreult,Robert,Male,robert.beaudreult,396
Hammond,Patches L,Female,patches.l.hammond,397
Martini,Catherine,Female,catherine.martini,398
Wilkerson,Josh M,Male,josh.m.wilkerson,399
Diaz,Joseph R,Male,joseph.r.diaz,400
Spencer,Daniel L,Male,daniel.l.spencer,401
Ruggirello,Peter L,Male,peter.l.ruggirello,402
Kinjorski,Gerry A,Male,gerry.a.kinjorski,403
Jackson,Random M,Male,random.m.jackson,404
Dorado,Sergio,Male,sergio.dorado,405
Cohen,Solomon A,Male,solomon.a.cohen,406
Balzourt,Mourad,Male,mourad.balzourt,407
Bearden,Richard W,Male,richard.w.bearden,408
Thomas,Joshua R,Male,joshua.r.thomas,409
Goldwasser,Eric,Male,eric.goldwasser,410
Braden,Jackie L,Male,jackie.l.braden,411
Hess,Joshua D,Male,joshua.d.hess,412
Poulin,James G,Male,james.g.poulin,413
Tovar,Maria L,Female,maria.l.tovar,414
Ramos,Ramson L,Male,ramson.l.ramos,415
Gallagher,Curtis P,Male,curtis.p.gallagher,416
Foreman,Chip,Male,chip.foreman,417
Crawford,Larry G,Male,larry.g.crawford,418
Foley,Walter R,Male,walter.r.foley,419
Carvajal,Johnny,Male,johnny.carvajal,420
Howard,Leland C,Male,leland.c.howard,421
Davis,Eddie,Male,eddie.davis,422
Klier,Roger,Male,roger.klier,423
Causey,Lonnie C,Male,lonnie.c.causey,424
Loftis,Jeremy,Male,jeremy.loftis,425
Donenfeld,Gregory B,Male,gregory.b.donenfeld,426
Laboy,Luis E,Male,luis.e.laboy,427
Covert,Vera L,Female,vera.l.covert,428
Rodriguez,Sergio R,Male,sergio.r.rodriguez,429
Loveless,James S,Male,james.s.loveless,430
Billiot,Donovan W,Male,donovan.w.billiot,431
Clark,Steven,Male,steven.clark,432
Hartshorne,Jarod S,Male,jarod.s.hartshorne,433
Hauser,Kristy M,Female,kristy.m.hauser,434
Hill,Robert C,Male,robert.c.hill,435
Edwards,John J Jr,Male,john.j.jr.edwards,436
Rowland,Thomas L,Male,thomas.l.rowland,437
Mccown,Matthew T,Male,matthew.t.mccown,438
Ridings,Rosie L,Female,rosie.l.ridings,439
Gomez,Francisco,Male,francisco.gomez,440
Dodd,Bruce D Iii,Male,bruce.d.iii.dodd,441
Carr,Martin C Jr,Male,martin.c.jr.carr,442
Adams,Richard D Jr,Male,richard.d.jr.adams,443
Domingo,Manuel D,Male,manuel.d.domingo,444
Collison,James S,Male,james.s.collison,445
Basham,Charles,Male,charles.basham,446
Malave,Julian,Male,julian.malave,447
Cozzie,Steven A,Male,steven.a.cozzie,448
Perez,Jjoseph R,Male,jjoseph.r.perez,449
Boyd,Carey J,Male,carey.j.boyd,450
Watkins,Donald R,Male,donald.r.watkins,451
Parrish,Alfred D Jr,Male,alfred.d.jr.parrish,452
Jones,Joshua R,Male,joshua.r.jones,453
Pirrie,Richard M,Male,richard.m.pirrie,454
Franks,Jeremy,Male,jeremy.franks,455
Rico,Carlos,Male,carlos.rico,456
Burrell,Michelle E,Female,michelle.e.burrell,457
Flores,Sharon A,Female,sharon.a.flores,458
Cummons,Francis P,Male,francis.p.cummons,459
Lewis,Darin L,Male,darin.l.lewis,460
Rosario,Rafael H,Male,rafael.h.rosario,461
Warford,Zachary E,Male,zachary.e.warford,462
Neill,Shane A,Male,shane.a.neill,463
Allman,John H,Male,john.h.allman,464
Lewis,Robert A,Male,robert.a.lewis,465
Cannon,Bobby E,Male,bobby.e.cannon,466
Jackson,Keith W,Male,keith.w.jackson,467
Gainey,Ashley K,Female,ashley.k.gainey,468
Fontenot,William R,Male,william.r.fontenot,469
Sarduy,Michael J,Male,michael.j.sarduy,470
Carpenter,Jon M,Male,jon.m.carpenter,471
Beazley,Kevin S,Male,kevin.s.beazley,472
Colvin,Rickey,Male,rickey.colvin,473
Jacobson,Brian P,Male,brian.p.jacobson,474
Partain,Nathan A,Male,nathan.a.partain,475
Mock,Kathleen A,Female,kathleen.a.mock,476
King,Damien L,Male,damien.l.king,477
Nunez,Juan J,Male,juan.j.nunez,478
Rising,Charles F Jr,Male,charles.f.jr.rising,479
Andrews,William W,Male,william.w.andrews,480
Ross,James D,Male,james.d.ross,481
Pectle,John R,Male,john.r.pectle,482
Frady,Charles T,Male,charles.t.frady,483
Perez,Jose L,Male,jose.l.perez,484
Bias,Gregory S,Male,gregory.s.bias,485
Hatfield,Aaron G,Male,aaron.g.hatfield,486
Birkes,Stephen R,Male,stephen.r.birkes,487
Nicely,Kenneth,Male,kenneth.nicely,488
Castellano,Jaime J,Male,jaime.j.castellano,489
Primavera,Paul R,Male,paul.r.primavera,490
Ramsey,Olley F,Male,olley.f.ramsey,491
Maulding/Isreal,Harless/Eli D,Male,harless/eli.d.maulding/isreal,492
Gates,Herschel L Jr,Male,herschel.l.jr.gates,493
Voulis,Nicole M,Female,nicole.m.voulis,494
Demster,Robin A,Female,robin.a.demster,495
Johnson,Edward F,Male,edward.f.johnson,496
Lance,Christopher R,Male,christopher.r.lance,497
Cook,Sandra E,Female,sandra.e.cook,498
Randall,Cory,Male,cory.randall,499
Howell,Chris R,Male,chris.r.howell,500
Griffin,Wesley,Male,wesley.griffin,501
Rivera,Jose E,Male,jose.e.rivera,502
Ethridge,William T,Male,william.t.ethridge,503
Mullis,Charles M,Male,charles.m.mullis,504
Brannon,C.R. F,Male,c.r..f.brannon,505
Klumpp,Shaun M,Male,shaun.m.klumpp,506
Kovie,Kyle B,Male,kyle.b.kovie,507
Pratt,Larry E,Male,larry.e.pratt,508
Medina,Jose R,Male,jose.r.medina,509
Haynes,Douglas,Male,douglas.haynes,510
Johnson,Robert,Male,robert.johnson,511
Fritts,Anthony M,Male,anthony.m.fritts,512
Auringer,Kenneth P,Male,kenneth.p.auringer,513
Bryant,James A,Male,james.a.bryant,514
Storment,Timothy L,Male,timothy.l.storment,515
Aguilar,Frankie V Jr,Male,frankie.v.jr.aguilar,516
Hice,Rickey E,Male,rickey.e.hice,517
Potter,Chad J,Male,chad.j.potter,518
Irving,Keith S,Male,keith.s.irving,519
Fogg,Patrick D,Male,patrick.d.fogg,520
Fella,John,Male,john.fella,521
Marrugo,Ronaldo J,Male,ronaldo.j.marrugo,522
Hardin,David C,Male,david.c.hardin,523
Dupont,Brett H,Male,brett.h.dupont,524
Fetzner,Matthew,Male,matthew.fetzner,525
Dover,Jonathan D,Male,jonathan.d.dover,526
Hunter,Stevie R,Male,stevie.r.hunter,527
Levie,Robert B,Male,robert.b.levie,528
Mahan,Robert A,Male,robert.a.mahan,529
Olson,Mark L,Male,mark.l.olson,530
Martinez,Oscar M,Male,oscar.m.martinez,531
Meredith,James L,Male,james.l.meredith,532
Holt,Nicholas A,Male,nicholas.a.holt,533
Kachelhofer,Fredrick,Male,fredrick.kachelhofer,534
Culverhouse,Daniel L Jr,Male,daniel.l.jr.culverhouse,535
Drevermann,Henry,Male,henry.drevermann,536
Pomerantz,Joshua,Male,joshua.pomerantz,537
Hall,Hunter L,Male,hunter.l.hall,538
Keech,Jason,Male,jason.keech,539
Cambronero,Denis I,Male,denis.i.cambronero,540
Pederson,Melvin D,Male,melvin.d.pederson,541
Pena,Eliseo J,Male,eliseo.j.pena,542
Brown,Curtis J Jr,Male,curtis.j.jr.brown,543
Kleintank,Jacob C,Male,jacob.c.kleintank,544
Gaskin,Khalil J,Male,khalil.j.gaskin,545
Pate,Matthew T,Male,matthew.t.pate,546
Duval,Gerard,Male,gerard.duval,547
Head,Michael R,Male,michael.r.head,548
Betts,Stephen L,Male,stephen.l.betts,549
Cates,Douglas M,Male,douglas.m.cates,550
Miller,Charlina D,Female,charlina.d.miller,551
Cook,Christopher R,Male,christopher.r.cook,552
Douglas,Justin W,Male,justin.w.douglas,553
Alatorre,Juan J,Male,juan.j.alatorre,554
Outzen,Michele R,Female,michele.r.outzen,555
Osborne,David W,Male,david.w.osborne,556
Everett,David F,Male,david.f.everett,557
Godfrey,Michael,Male,michael.godfrey,558
Hutchens,Joseph T,Male,joseph.t.hutchens,559
Prinz,Gloria M,Female,gloria.m.prinz,560
Runk,Brian K Jr,Male,brian.k.jr.runk,561
Bartholow,Kaylee J,Female,kaylee.j.bartholow,562
Kennedy,James A,Male,james.a.kennedy,563
Weathereal,Sony J,Male,sony.j.weathereal,564
Hall,Kevin C,Male,kevin.c.hall,565
Brush,Michael,Male,michael.brush,566
Alajbegu,Etem,Male,etem.alajbegu,567
Creech,Justin B,Male,justin.b.creech,568
Rothi,Larry,Male,larry.rothi,569
Melendez,Manuel,Male,manuel.melendez,570
Christie,Edward,Male,edward.christie,571
Cornelio,Jeffery D,Male,jeffery.d.cornelio,572
Castillo,Jose L,Male,jose.l.castillo,573
Masterson,John P,Male,john.p.masterson,574
Willhoite,Shara,Female,shara.willhoite,575
Ganpot,Emmanuel,Male,emmanuel.ganpot,576
Green,Dale E,Male,dale.e.green,577
Mccabe,Asa W,Male,asa.w.mccabe,578
Haber,Robert C,Male,robert.c.haber,579
Hood,Shannon K,Female,shannon.k.hood,580
Burkatovsky,Gennadiy,Male,gennadiy.burkatovsky,581
Ramirez,Ricardo G,Male,ricardo.g.ramirez,582
Chiodo,Zachary A,Male,zachary.a.chiodo,583
Conway,Brian E,Male,brian.e.conway,584
Pena,Antonio,Male,antonio.pena,585
Drape,Douglas J,Male,douglas.j.drape,586
Pagan,Joe A,Male,joe.a.pagan,587
Castro,Lidio V,Male,lidio.v.castro,588
Fenner,Jason E,Male,jason.e.fenner,589
Mitchael,Rodney L,Male,rodney.l.mitchael,590
Lozano,Jorge L,Male,jorge.l.lozano,591
Barrios,Dennys,Male,dennys.barrios,592
Hallicy,Matthew A,Male,matthew.a.hallicy,593
Jones,Travis,Male,travis.jones,594
Tomlinson,Heather,Female,heather.tomlinson,595
Mitchell,Scott E,Male,scott.e.mitchell,596
Morgan,Billy,Male,billy.morgan,597
Hand,James M,Male,james.m.hand,598
Berg,Jared W,Male,jared.w.berg,599
Amari,Colton J,Male,colton.j.amari,600
Kelly,Travis A,Male,travis.a.kelly,601
Mccullen,Willard J Jr,Male,willard.j.jr.mccullen,602
Barney,Terry L,Male,terry.l.barney,603
Elder,Shawn U,Male,shawn.u.elder,604
Deyoung,Curtis,Male,curtis.deyoung,605
Campbell,Jimmy D,Male,jimmy.d.campbell,606
Ortiz,Roberto B,Male,roberto.b.ortiz,607
Lawson,Jericho P,Male,jericho.p.lawson,608
Mcdaniel,Dale I,Male,dale.i.mcdaniel,609
Birge,Jennifer J,Female,jennifer.j.birge,610
Santiago,Rafael,Male,rafael.santiago,611
Risner,Kevin G,Male,kevin.g.risner,612
Lovrien,Gavin R,Male,gavin.r.lovrien,613
Loomis,Phillip W,Male,phillip.w.loomis,614
Jerkins,Bradley D,Male,bradley.d.jerkins,615
Gonyea,Kevin L,Male,kevin.l.gonyea,616
Fantauzzi,Tony,Male,tony.fantauzzi,617
Mallia,Paul J Jr,Male,paul.j.jr.mallia,618
Maher,Ronald D,Male,ronald.d.maher,619
Pool,Brandon C,Male,brandon.c.pool,620
Rose,Daniel M,Male,daniel.m.rose,621
Cook,Stanley M,Male,stanley.m.cook,622
Dyess,Ronald T Sr,Male,ronald.t.sr.dyess,623
Ricketts,Jason W,Male,jason.w.ricketts,624
Odom,Eddie,Male,eddie.odom,625
Beck,Roger G,Male,roger.g.beck,626
Moore,Gregory W,Male,gregory.w.moore,627
Piercy,Halsey D,Male,halsey.d.piercy,628
Perez,Lemuel,Male,lemuel.perez,629
Breznau,David J,Male,david.j.breznau,630
King,David W Jr,Male,david.w.jr.king,631
Schrowder,Duston W,Male,duston.w.schrowder,632
Bates,Jonathan,Male,jonathan.bates,633
Franklin,Robert W,Male,robert.w.franklin,634
Dafonte,Richard,Male,richard.dafonte,635
Lee,Joshua I,Male,joshua.i.lee,636
Reeves,Michael A,Male,michael.a.reeves,637
Mosier,Robert K,Male,robert.k.mosier,638
Morales,Victor,Male,victor.morales,639
Brick,Michael A Jr,Male,michael.a.jr.brick,640
Mclees,Howard C,Male,howard.c.mclees,641
Saunders,Lee,Male,lee.saunders,642
Acevedo,Raymond R,Male,raymond.r.acevedo,643
Kahler,Kyle,Male,kyle.kahler,644
Lamanna,Nicholas,Male,nicholas.lamanna,645
Barber,Justin M,Male,justin.m.barber,646
Barber,William H,Male,william.h.barber,647
Jenkins,Jason W,Male,jason.w.jenkins,648
Parrish,James T,Male,james.t.parrish,649
Staggs,Cory A,Male,cory.a.staggs,650
Nolan,David,Male,david.nolan,651
Higginbotham,Robert E,Male,robert.e.higginbotham,652
Calloway,Alan S,Male,alan.s.calloway,653
Obrien,Michael G,Male,michael.g.obrien,654
Fowler,Jimmie N,Male,jimmie.n.fowler,655
Ross,Gary L,Male,gary.l.ross,656
Sylvester,Doeminique R,Female,doeminique.r.sylvester,657
Satchwell,Virgil,Male,virgil.satchwell,658
Dieu,Cody R,Male,cody.r.dieu,659
Poulos,Matthew S,Male,matthew.s.poulos,660
Maxwell,Billy E,Male,billy.e.maxwell,661
Buzbee,Shawn,Male,shawn.buzbee,662
Kourakis,Richard R,Male,richard.r.kourakis,663
Byrd,Donald M,Male,donald.m.byrd,664
Proctor,Randall D,Male,randall.d.proctor,665
Price,Jonathan N,Male,jonathan.n.price,666
Denning,Bonnie M,Female,bonnie.m.denning,667
Atkinson,Erik,Male,erik.atkinson,668
Collantes,Priscilla,Female,priscilla.collantes,669
Dawson,Zachrey A,Male,zachrey.a.dawson,670
Garrido,William,Male,william.garrido,671
Fussell,Daphne R,Female,daphne.r.fussell,672
Massey,Lacey S,Female,lacey.s.massey,673
Caquias,Frankie Y,Male,frankie.y.caquias,674
